stage,k,hidden_layers,dropout,threshold,train_loss,val_loss,val_accuracy,val_precision,val_recall,val_f1,n_params,best_epoch
1_embedding_dim,4,"(32,)",0.0,0.45,0.125542,0.152206,0.942157,0.812375,0.836588,0.824304,2842,20
1_embedding_dim,8,"(32,)",0.0,0.45,0.121284,0.142935,0.946491,0.822772,0.85406,0.838124,4778,17
1_embedding_dim,16,"(32,)",0.0,0.35,0.100123,0.124561,0.946324,0.797804,0.896197,0.844143,8650,20
1_embedding_dim,32,"(32,)",0.0,0.45,0.091854,0.122222,0.951659,0.859096,0.839671,0.849272,16394,20
2_mlp_architecture,32,"(32,)",0.0,0.45,0.091854,0.122222,0.951659,0.859096,0.839671,0.849272,16394,20
2_mlp_architecture,32,"(64,)",0.0,0.45,0.08778,0.117294,0.954659,0.863212,0.856115,0.859649,18506,20
2_mlp_architecture,32,"(64, 32)",0.0,0.5,0.046804,0.099008,0.966828,0.902287,0.892086,0.897158,20554,20
3_dropout,32,"(64, 32)",0.0,0.5,0.046804,0.099008,0.966828,0.902287,0.892086,0.897158,20554,20
3_dropout,32,"(64, 32)",0.2,0.4,0.063269,0.098734,0.965328,0.886754,0.901336,0.893986,20554,20
3_dropout,32,"(64, 32)",0.5,0.4,0.09004,0.115959,0.956993,0.857858,0.880781,0.869168,20554,20
