epoch,train_loss,val_loss,val_f1
1,0.5958311505007153,0.5956169260409347,0.0
2,0.5387582482755581,0.5385404726644237,0.0
3,0.5044884543624631,0.5042674050350342,0.0
4,0.4831926552746767,0.4829697413499688,0.0
5,0.4695382605683748,0.4693144108398657,0.0
6,0.460568549831395,0.4603450081814402,0.0
7,0.4545071376647031,0.45428480201825533,0.0
8,0.45031562375841677,0.4500954626169812,0.0
9,0.44735214902575215,0.4471348765180286,0.0
10,0.44521146565371794,0.44499751024082906,0.0
11,0.4436243750017234,0.44341433283785175,0.0
12,0.4424260685780464,0.4422202530540979,0.0
13,0.4414861602548006,0.4412849757869795,0.0
14,0.4407507408090654,0.44055478927301756,0.0
15,0.44014277488181486,0.43995211001111145,0.0
16,0.4396299130571688,0.43944470261508173,0.0
17,0.4391807501807211,0.43900102743043434,0.0
18,0.4387826545442593,0.4386086417777724,0.0
19,0.43842162955874375,0.438253618722934,0.0
20,0.4380853325775488,0.4379235021829265,0.0
21,0.43776844154615696,0.4376129247539572,0.0
22,0.4374669611791765,0.43731764931978123,0.0
23,0.43717351945582716,0.43703064566228905,0.0
24,0.43688823915021174,0.4367517119778304,0.0
25,0.4366054951888919,0.43647527627926713,0.0
26,0.43632935518308114,0.43620561737454583,0.0
27,0.4360564011664416,0.4359392865567342,0.0
28,0.4357857099553575,0.4356753046258777,0.0
29,0.4355165903840439,0.43541281460909775,0.0
30,0.4352492484192061,0.4351521318615144,0.0
31,0.4349824889952148,0.4348920291248404,0.0
32,0.4347169524633445,0.43463295780036465,0.0
33,0.4344524543325317,0.43437513288801144,0.0
34,0.4341883512558441,0.4341176162439109,0.0
35,0.43392512141545764,0.43386138424035353,0.0
36,0.43366220918671305,0.43360517010380545,0.0
37,0.4333994507074658,0.43334919033359603,0.0
38,0.43313733681257727,0.43309362980902943,0.0
39,0.4328754572775978,0.43283844521962417,0.0
40,0.43261348213488976,0.4325833053023746,0.0
41,0.43235243378043237,0.4323290910084362,0.0
42,0.4320915712168673,0.43207503438837674,0.0
43,0.43183110303178956,0.4318212062568799,0.0
44,0.4315708732164995,0.43156772784966924,0.0
45,0.4313110006242016,0.43131464063631364,0.0
46,0.4310514583730551,0.43106175581188705,0.0
47,0.43079191800771516,0.4308091682903821,0.0
48,0.4305327993936055,0.43055677918594826,0.0
49,0.43027454233743617,0.43030514030690403,0.0
50,0.4300161173172561,0.4300533597240496,0.0
